{
  "mean": {
    "model": "mean",
    "n_features": 4002,
    "overall": {
      "mae": 49.7155357266376,
      "rmse": 50.56598563120723,
      "r2": -0.10653132655088293,
      "spearman": -0.31914813965866357,
      "n": 158
    },
    "per_study": {
      "OSD-498": {
        "mae": 50.0,
        "rmse": 50.242419666864706,
        "r2": -0.009720293592541118,
        "spearman": NaN,
        "n": 16
      },
      "OSD-502": {
        "mae": 50.0,
        "rmse": 50.21730556071062,
        "r2": -0.008711111111111114,
        "spearman": NaN,
        "n": 8
      },
      "OSD-508": {
        "mae": 54.46265938069216,
        "rmse": 54.58193103762118,
        "r2": -2.0164270357430802,
        "spearman": NaN,
        "n": 36
      },
      "OSD-510": {
        "mae": 50.0,
        "rmse": 50.40333191137859,
        "r2": -0.016198347107437838,
        "spearman": NaN,
        "n": 48
      },
      "OSD-658": {
        "mae": 35.59523809523809,
        "rmse": 39.984427083191726,
        "r2": -0.4400545229665942,
        "spearman": NaN,
        "n": 14
      },
      "OSD-782": {
        "mae": 49.89071038251366,
        "rmse": 50.51211357885345,
        "r2": -0.26171772328719367,
        "spearman": NaN,
        "n": 36
      }
    }
  },
  "ddr_linear": {
    "model": "ddr_linear",
    "n_features": 7,
    "overall": {
      "mae": 41.388484579115435,
      "rmse": 49.25961871531728,
      "r2": -0.05009563111358273,
      "spearman": 0.32126317296115103,
      "n": 158
    },
    "per_study": {
      "OSD-498": {
        "mae": 36.66567582012351,
        "rmse": 40.9293602201763,
        "r2": 0.3299149887868199,
        "spearman": 0.5694424517739725,
        "n": 16
      },
      "OSD-502": {
        "mae": 26.258553919799127,
        "rmse": 26.761276697432198,
        "r2": 0.7135336278093889,
        "spearman": 0.8728715609439696,
        "n": 8
      },
      "OSD-508": {
        "mae": 49.149986943055744,
        "rmse": 59.16053269688918,
        "r2": -2.5437182368419404,
        "spearman": 0.17867757463004608,
        "n": 36
      },
      "OSD-510": {
        "mae": 37.05286306652736,
        "rmse": 40.42977849216584,
        "r2": 0.34617320442976185,
        "spearman": 0.6316139407998892,
        "n": 48
      },
      "OSD-658": {
        "mae": 23.16841878111513,
        "rmse": 28.041235235542317,
        "r2": 0.29174204405852977,
        "spearman": 0.8954218110925263,
        "n": 14
      },
      "OSD-782": {
        "mae": 51.95462497058159,
        "rmse": 61.32550209312638,
        "r2": -0.8597447726794745,
        "spearman": 0.29474155945944724,
        "n": 36
      }
    }
  },
  "elasticnet": {
    "model": "elasticnet",
    "n_features": 4002,
    "overall": {
      "mae": 40.67179011556624,
      "rmse": 45.900497338173686,
      "r2": 0.08823788616777606,
      "spearman": 0.43866607599685215,
      "n": 158
    },
    "per_study": {
      "OSD-498": {
        "mae": 23.253590168172295,
        "rmse": 26.975297900485067,
        "r2": 0.7089333212720343,
        "spearman": 0.8677218312746248,
        "n": 16
      },
      "OSD-502": {
        "mae": 26.94771003258682,
        "rmse": 28.786815162120387,
        "r2": 0.6685277091287664,
        "spearman": 0.8728715609439696,
        "n": 8
      },
      "OSD-508": {
        "mae": 47.05681968786226,
        "rmse": 57.62909871289795,
        "r2": -2.3626269311916985,
        "spearman": 0.3743720611296203,
        "n": 36
      },
      "OSD-510": {
        "mae": 44.985833902098854,
        "rmse": 45.73072721494039,
        "r2": 0.1634802353570841,
        "spearman": 0.8361365502017583,
        "n": 48
      },
      "OSD-658": {
        "mae": 30.044553501805353,
        "rmse": 35.03005549275433,
        "r2": -0.10529659197512764,
        "spearman": 0.6000732556012741,
        "n": 14
      },
      "OSD-782": {
        "mae": 43.458734172748684,
        "rmse": 46.39479532981756,
        "r2": -0.06441171995939299,
        "spearman": 0.5403595256756533,
        "n": 36
      }
    }
  },
  "hgb": {
    "model": "hgb",
    "n_features": 4002,
    "overall": {
      "mae": 34.360978105153144,
      "rmse": 42.29215398676295,
      "r2": 0.22595471530843947,
      "spearman": 0.5240115266399326,
      "n": 158
    },
    "per_study": {
      "OSD-498": {
        "mae": 16.68730845567479,
        "rmse": 20.677411076944335,
        "r2": 0.8289778684620239,
        "spearman": 0.8677218312746248,
        "n": 16
      },
      "OSD-502": {
        "mae": 10.961585648959012,
        "rmse": 16.37322565133363,
        "r2": 0.8927669927082041,
        "spearman": 0.8728715609439696,
        "n": 8
      },
      "OSD-508": {
        "mae": 41.08667014575761,
        "rmse": 53.678511815824514,
        "r2": -1.9173999136461326,
        "spearman": 0.433931252672969,
        "n": 36
      },
      "OSD-510": {
        "mae": 31.261431801020205,
        "rmse": 36.303597937958045,
        "r2": 0.47281951070363537,
        "spearman": 0.7459059872303453,
        "n": 48
      },
      "OSD-658": {
        "mae": 37.44776070097311,
        "rmse": 44.31370623533452,
        "r2": -0.7687780046923669,
        "spearman": 0.5625686771261945,
        "n": 14
      },
      "OSD-782": {
        "mae": 43.622428295051684,
        "rmse": 46.88464299688499,
        "r2": -0.08700701870924243,
        "spearman": 0.6025827437837588,
        "n": 36
      }
    }
  },
  "ddr_linear_null": {
    "null_mae_mean": 48.16404388840462,
    "null_mae_std": 1.224614929073745
  }
}