{
  "model": "mlp",
  "device": "cuda",
  "overall": {
    "mae": 35.89637152364926,
    "rmse": 47.537400934737455,
    "r2": 0.0220478034519056,
    "spearman": 0.5270046304942577,
    "n": 158
  },
  "per_study": {
    "OSD-498": {
      "mae": 23.72724780999124,
      "rmse": 35.59140325832965,
      "r2": 0.4933008056411847,
      "spearman": 0.8134892168199607,
      "n": 16
    },
    "OSD-502": {
      "mae": 33.34629787504673,
      "rmse": 42.30250417190612,
      "r2": 0.28419925631434617,
      "spearman": 0.6546536707079772,
      "n": 8
    },
    "OSD-508": {
      "mae": 54.68218892336719,
      "rmse": 64.82141389516474,
      "r2": -3.25433839561036,
      "spearman": 0.39138897299914854,
      "n": 36
    },
    "OSD-510": {
      "mae": 29.14829891640693,
      "rmse": 42.65029619561061,
      "r2": 0.2723808937706733,
      "spearman": 0.6346216262322698,
      "n": 48
    },
    "OSD-658": {
      "mae": 29.673499710857868,
      "rmse": 37.89970129210275,
      "r2": -0.2938047894025757,
      "spearman": 0.16877060313785835,
      "n": 14
    },
    "OSD-782": {
      "mae": 34.50317243321074,
      "rmse": 42.089865981501,
      "r2": 0.12395541950184419,
      "spearman": 0.5436344318918693,
      "n": 36
    }
  }
}